candidate,variant,epoch,task,K,distance,stat,smooth,D_style,D_struct,d_stab,Separation_Ratio,D_style_raw,D_struct_raw,d_stab_raw,Separation_Ratio_raw,unstable_ratio,tau,Dice,num_samples
K8_l2_mean_smooth1,w_CGSD,50,bSSFP_to_LGE,8,l2,mean,1,0.45835271972445113,0.5272561660705457,0.1687292961559638,0.8901553300300877,0.45835271972445113,0.5272561660705457,0.1687292961559638,0.8901553300300877,0.8987866044044495,0.0352371484041214,0.7088162836307799,731
K8_l2_mean_smooth1,w/o_CGSD,50,bSSFP_to_LGE,8,l2,mean,1,0.40730870355937454,0.39698677159794377,0.18988079423565488,1.0389135070604703,0.40730870355937454,0.39698677159794377,0.18988079423565488,1.0389135070604703,0.9092068672180176,0.0352371484041214,0.6889962082758703,731
K8_l2_mean_smooth1,w_CGSD,75,bSSFP_to_LGE,8,l2,mean,1,0.5142896205315345,0.5219988872773104,0.06521902380653061,1.0078449600744739,0.5142896205315345,0.5219988872773104,0.06521902380653061,1.0078449600744739,0.5010924935340881,0.0352371484041214,0.7275184333910829,731
K8_l2_mean_smooth1,w/o_CGSD,75,bSSFP_to_LGE,8,l2,mean,1,0.45545566136996046,0.5017825639108019,0.08889720256161407,0.9225800623893956,0.45545566136996046,0.5017825639108019,0.08889720256161407,0.9225800623893956,0.6132984757423401,0.0352371484041214,0.7141014082714178,731
K8_l2_mean_smooth1,w_CGSD,100,bSSFP_to_LGE,8,l2,mean,1,0.4437424286742736,0.5074824950169015,0.05190095404571016,0.880769797761734,0.4437424286742736,0.5074824950169015,0.05190095404571016,0.880769797761734,0.3721998929977417,0.0352371484041214,0.7330175997344852,731
K8_l2_mean_smooth1,w/o_CGSD,100,bSSFP_to_LGE,8,l2,mean,1,0.42555274740605037,0.5023523521740335,0.05929752082430003,0.8656849147057532,0.42555274740605037,0.5023523521740335,0.05929752082430003,0.8656849147057532,0.45374369621276855,0.0352371484041214,0.7344598972799018,731
K8_l2_mean_smooth1,w_CGSD,125,bSSFP_to_LGE,8,l2,mean,1,0.3749002008516198,0.44358118200232066,0.04352989848777498,0.8579707760001254,0.3749002008516198,0.44358118200232066,0.04352989848777498,0.8579707760001254,0.3115357458591461,0.0352371484041214,0.7386839365248635,731
K8_l2_mean_smooth1,w/o_CGSD,125,bSSFP_to_LGE,8,l2,mean,1,0.34497938099036474,0.3645983654106364,0.06979958802938613,0.9545274627862081,0.34497938099036474,0.3645983654106364,0.06979958802938613,0.9545274627862081,0.44284728169441223,0.0352371484041214,0.7132895532305769,731
K8_l2_mean_smooth1,w_CGSD,150,bSSFP_to_LGE,8,l2,mean,1,0.3647235938083655,0.4299593432749561,0.038327553517780735,0.870800251691394,0.3647235938083655,0.4299593432749561,0.038327553517780735,0.870800251691394,0.27257299423217773,0.0352371484041214,0.7506977837747745,731
K8_l2_mean_smooth1,w/o_CGSD,150,bSSFP_to_LGE,8,l2,mean,1,0.3184739319151333,0.3207523905216806,0.054738162081502235,1.0039657328088634,0.3184739319151333,0.3207523905216806,0.054738162081502235,1.0039657328088634,0.3919846713542938,0.0352371484041214,0.7341079795892644,731
K8_l2_mean_smooth1,w_CGSD,175,bSSFP_to_LGE,8,l2,mean,1,0.3212289253676072,0.3883762214471513,0.03503819679786535,0.8424151227584276,0.3212289253676072,0.3883762214471513,0.03503819679786535,0.8424151227584276,0.25912705063819885,0.0352371484041214,0.7434009968763341,731
K8_l2_mean_smooth1,w/o_CGSD,175,bSSFP_to_LGE,8,l2,mean,1,0.370822788763101,0.4004800724950296,0.047097572835587145,0.9356282978844025,0.370822788763101,0.4004800724950296,0.047097572835587145,0.9356282978844025,0.3611847460269928,0.0352371484041214,0.7399636212979235,731
K8_l2_mean_smooth1,w_CGSD,200,bSSFP_to_LGE,8,l2,mean,1,0.3762787809803276,0.3938760813319734,0.031408247148393395,0.9722301093434692,0.3762787809803276,0.3938760813319734,0.031408247148393395,0.9722301093434692,0.23155352473258972,0.0352371484041214,0.7363974982275667,731
K8_l2_mean_smooth1,w/o_CGSD,200,bSSFP_to_LGE,8,l2,mean,1,0.27393917946634316,0.2999471659147005,0.04996026260537933,0.9187986889371711,0.27393917946634316,0.2999471659147005,0.04996026260537933,0.9187986889371711,0.3636012673377991,0.0352371484041214,0.7278061277810797,731
K8_l2_mean_smooth1,w_CGSD,225,bSSFP_to_LGE,8,l2,mean,1,0.31214232090960764,0.3613992458637933,0.027366176215009218,0.8760634963250009,0.31214232090960764,0.3613992458637933,0.027366176215009218,0.8760634963250009,0.2034183144569397,0.0352371484041214,0.7520798963454484,731
K8_l2_mean_smooth1,w/o_CGSD,225,bSSFP_to_LGE,8,l2,mean,1,0.327536111547901,0.3602038584927127,0.05657875034157571,0.917232551052673,0.327536111547901,0.3602038584927127,0.05657875034157571,0.917232551052673,0.37695935368537903,0.0352371484041214,0.7383717585018558,731
K8_l2_mean_smooth1,w_CGSD,250,bSSFP_to_LGE,8,l2,mean,1,0.336178893037919,0.3610278013227751,0.0258555982423679,0.9418826783979238,0.336178893037919,0.3610278013227751,0.0258555982423679,0.9418826783979238,0.19356213510036469,0.0352371484041214,0.7132621558507408,731
K8_l2_mean_smooth1,w/o_CGSD,250,bSSFP_to_LGE,8,l2,mean,1,0.3618662249887881,0.3925080289930902,0.04612780435597009,0.9270102939286531,0.3618662249887881,0.3925080289930902,0.04612780435597009,0.9270102939286531,0.3423404395580292,0.0352371484041214,0.7437350935283507,731
K8_l2_mean_smooth1,w_CGSD,275,bSSFP_to_LGE,8,l2,mean,1,0.3154652060160336,0.3502578280260482,0.0238355835637388,0.9130238687533939,0.3154652060160336,0.3502578280260482,0.0238355835637388,0.9130238687533939,0.1806291788816452,0.0352371484041214,0.7433598442564742,731
K8_l2_mean_smooth1,w/o_CGSD,275,bSSFP_to_LGE,8,l2,mean,1,0.29570769658491985,0.3339061526462346,0.04265599834117628,0.890293122205913,0.29570769658491985,0.3339061526462346,0.04265599834117628,0.890293122205913,0.33125048875808716,0.0352371484041214,0.7349757549411837,731
K8_l2_mean_smooth1,w_CGSD,300,bSSFP_to_LGE,8,l2,mean,1,0.3417982506271907,0.3683659972288379,0.022277201972039456,0.9365117706911967,0.3417982506271907,0.3683659972288379,0.022277201972039456,0.9365117706911967,0.1707516312599182,0.0352371484041214,0.7412813880413521,731
K8_l2_mean_smooth1,w/o_CGSD,300,bSSFP_to_LGE,8,l2,mean,1,0.3739402375807784,0.41142184095380263,0.04229112127238821,0.9106849395687591,0.3739402375807784,0.41142184095380263,0.04229112127238821,0.9106849395687591,0.3292483687400818,0.0352371484041214,0.7416440282761888,731
