task,source,target,backbone,checkpoint_file,checkpoint,expname,target_bg_mean,target_bg_std,target_lv_mean,target_lv_std,target_myo_mean,target_myo_std,target_rv_mean,target_rv_std,target_overall_by_sample,target_overall_by_domain
bSSFP->LGE,bSSFP,LGE,nnunet,100_net_Seg.pth,/root/TTA/DCON/results_backbone_ablation/nnunet_bSSFP_to_LGE/snapshots/100_net_Seg.pth,54:37.634] name:100_net_Seg,0.9918562147352431,0.0029913909692190228,0.7269539687368605,0.07364829422216904,0.8845124589072333,0.049591969923815246,0.8326012372970581,0.08855002884128992,0.8146892216470506,0.8146892189979553
bSSFP->LGE,bSSFP,LGE,nnunet,200_net_Seg.pth,/root/TTA/DCON/results_backbone_ablation/nnunet_bSSFP_to_LGE/snapshots/200_net_Seg.pth,55:10.700] name:200_net_Seg,0.9927761793136597,0.0032297575184608977,0.7438085893789927,0.09517563343460746,0.8804587456915114,0.06641946977395938,0.8589180257585314,0.07511219316519094,0.8277284536096785,0.8277285099029541
bSSFP->LGE,bSSFP,LGE,nnunet,300_net_Seg.pth,/root/TTA/DCON/results_backbone_ablation/nnunet_bSSFP_to_LGE/snapshots/300_net_Seg.pth,55:43.133] name:300_net_Seg,0.9917505595419142,0.003931686743340663,0.7260898252328237,0.0986418085145274,0.8758870045344035,0.06359887865785256,0.8200186987717947,0.13150553342147028,0.8073318428463406,0.8073318004608154
bSSFP->LGE,bSSFP,LGE,nnunet,400_net_Seg.pth,/root/TTA/DCON/results_backbone_ablation/nnunet_bSSFP_to_LGE/snapshots/400_net_Seg.pth,56:15.823] name:400_net_Seg,0.9920874926779005,0.003885150013337637,0.7185971551471286,0.10159468357393117,0.8685554954740736,0.07437364699590976,0.8198378807968564,0.13351455150858757,0.8023301771393528,0.8023301959037781
bSSFP->LGE,bSSFP,LGE,nnunet,500_net_Seg.pth,/root/TTA/DCON/results_backbone_ablation/nnunet_bSSFP_to_LGE/snapshots/500_net_Seg.pth,56:48.854] name:500_net_Seg,0.9923319458961487,0.0033396451205522405,0.729912230041292,0.09383374159847617,0.8777708888053894,0.06418855297000292,0.8316565533479054,0.10806557035708522,0.8131132240648623,0.813113272190094
bSSFP->LGE,bSSFP,LGE,nnunet,best_ep100_net_Seg.pth,/root/TTA/DCON/results_backbone_ablation/nnunet_bSSFP_to_LGE/snapshots/best_ep100_net_Seg.pth,57:21.428] name:best_ep100_net_Seg,0.9918562147352431,0.0029913909692190228,0.7269539687368605,0.07364829422216904,0.8845124589072333,0.049591969923815246,0.8326012372970581,0.08855002884128992,0.8146892216470506,0.8146892189979553
bSSFP->LGE,bSSFP,LGE,nnunet,best_ep200_net_Seg.pth,/root/TTA/DCON/results_backbone_ablation/nnunet_bSSFP_to_LGE/snapshots/best_ep200_net_Seg.pth,57:54.343] name:best_ep200_net_Seg,0.9927761793136597,0.0032297575184608977,0.7438085893789927,0.09517563343460746,0.8804587456915114,0.06641946977395938,0.8589180257585314,0.07511219316519094,0.8277284536096785,0.8277285099029541
bSSFP->LGE,bSSFP,LGE,nnunet,best_ep300_net_Seg.pth,/root/TTA/DCON/results_backbone_ablation/nnunet_bSSFP_to_LGE/snapshots/best_ep300_net_Seg.pth,58:27.241] name:best_ep300_net_Seg,0.9917505595419142,0.003931686743340663,0.7260898252328237,0.0986418085145274,0.8758870045344035,0.06359887865785256,0.8200186987717947,0.13150553342147028,0.8073318428463406,0.8073318004608154
bSSFP->LGE,bSSFP,LGE,nnunet,best_ep400_net_Seg.pth,/root/TTA/DCON/results_backbone_ablation/nnunet_bSSFP_to_LGE/snapshots/best_ep400_net_Seg.pth,58:59.771] name:best_ep400_net_Seg,0.9920874926779005,0.003885150013337637,0.7185971551471286,0.10159468357393117,0.8685554954740736,0.07437364699590976,0.8198378807968564,0.13351455150858757,0.8023301771393528,0.8023301959037781
bSSFP->LGE,bSSFP,LGE,nnunet,best_ep500_net_Seg.pth,/root/TTA/DCON/results_backbone_ablation/nnunet_bSSFP_to_LGE/snapshots/best_ep500_net_Seg.pth,59:31.378] name:best_ep500_net_Seg,0.9923319458961487,0.0033396451205522405,0.729912230041292,0.09383374159847617,0.8777708888053894,0.06418855297000292,0.8316565533479054,0.10806557035708522,0.8131132240648623,0.813113272190094
LGE->bSSFP,LGE,bSSFP,nnunet,100_net_Seg.pth,/root/TTA/DCON/results_backbone_ablation/nnunet_LGE_to_bSSFP/snapshots/100_net_Seg.pth,00:03.789] name:100_net_Seg,0.9898827777968513,0.0037606417506558026,0.7620798601044549,0.04913568226078757,0.8826657586627537,0.05563572334505062,0.8477045257886251,0.06281678280228067,0.8308167148519445,0.8308166861534119
LGE->bSSFP,LGE,bSSFP,nnunet,200_net_Seg.pth,/root/TTA/DCON/results_backbone_ablation/nnunet_LGE_to_bSSFP/snapshots/200_net_Seg.pth,00:33.695] name:200_net_Seg,0.9934466587172615,0.0016592824172855494,0.7997655378447639,0.0396874306601465,0.9134401904212104,0.0283926627018427,0.892466504044003,0.03519023462467361,0.8685574107699924,0.8685573935508728
LGE->bSSFP,LGE,bSSFP,nnunet,300_net_Seg.pth,/root/TTA/DCON/results_backbone_ablation/nnunet_LGE_to_bSSFP/snapshots/300_net_Seg.pth,01:05.198] name:300_net_Seg,0.9933418989181518,0.002077239267395583,0.8011861986584133,0.034232743940335146,0.898606789112091,0.032564869645750685,0.8737482150395711,0.04702551980201397,0.8578470676033585,0.8578470945358276
LGE->bSSFP,LGE,bSSFP,nnunet,400_net_Seg.pth,/root/TTA/DCON/results_backbone_ablation/nnunet_LGE_to_bSSFP/snapshots/400_net_Seg.pth,01:34.624] name:400_net_Seg,0.9941307557953729,0.0017744619065208887,0.8246454517046611,0.03035201492112805,0.9150956352551778,0.03291381382637866,0.9001230769687228,0.03728332588095943,0.8799547213095206,0.8799546957015991
LGE->bSSFP,LGE,bSSFP,nnunet,500_net_Seg.pth,/root/TTA/DCON/results_backbone_ablation/nnunet_LGE_to_bSSFP/snapshots/500_net_Seg.pth,02:05.138] name:500_net_Seg,0.9942164262135823,0.0019218516973956614,0.827013721730974,0.034593152299248996,0.9188583850860595,0.035326612622100385,0.901529672410753,0.039509024145620526,0.8824672597425955,0.8824673295021057
LGE->bSSFP,LGE,bSSFP,nnunet,600_net_Seg.pth,/root/TTA/DCON/results_backbone_ablation/nnunet_LGE_to_bSSFP/snapshots/600_net_Seg.pth,02:34.834] name:600_net_Seg,0.993508944246504,0.0021261647063929396,0.8177681856685215,0.03196698322598479,0.9107784469922383,0.03348803590172935,0.8846600188149346,0.051635176324312956,0.8710688838252315,0.8710688948631287
LGE->bSSFP,LGE,bSSFP,nnunet,700_net_Seg.pth,/root/TTA/DCON/results_backbone_ablation/nnunet_LGE_to_bSSFP/snapshots/700_net_Seg.pth,03:05.468] name:700_net_Seg,0.9935946782430013,0.002356059763856138,0.8219390326076084,0.03328480486901206,0.907535703976949,0.042366026840652826,0.8894167370266385,0.04726383016640679,0.8729638245370653,0.8729637861251831
LGE->bSSFP,LGE,bSSFP,nnunet,800_net_Seg.pth,/root/TTA/DCON/results_backbone_ablation/nnunet_LGE_to_bSSFP/snapshots/800_net_Seg.pth,03:35.472] name:800_net_Seg,0.9941160678863525,0.0019650318570321513,0.8261875126096937,0.03293485127877837,0.9210453364584181,0.03171085884925573,0.8949476427502102,0.04219621834377711,0.8807268306061073,0.8807268142700195
LGE->bSSFP,LGE,bSSFP,nnunet,900_net_Seg.pth,/root/TTA/DCON/results_backbone_ablation/nnunet_LGE_to_bSSFP/snapshots/900_net_Seg.pth,04:05.852] name:900_net_Seg,0.9942016879717509,0.0018052203759591112,0.8284385720888774,0.03369124570511736,0.9220968074268765,0.029895830818235054,0.8977595382266574,0.040381834314244386,0.8827649725808038,0.8827650547027588
LGE->bSSFP,LGE,bSSFP,nnunet,best_ep100_net_Seg.pth,/root/TTA/DCON/results_backbone_ablation/nnunet_LGE_to_bSSFP/snapshots/best_ep100_net_Seg.pth,04:36.241] name:best_ep100_net_Seg,0.9898827777968513,0.0037606417506558026,0.7620798601044549,0.04913568226078757,0.8826657586627537,0.05563572334505062,0.8477045257886251,0.06281678280228067,0.8308167148519445,0.8308166861534119
LGE->bSSFP,LGE,bSSFP,nnunet,best_ep700_net_Seg.pth,/root/TTA/DCON/results_backbone_ablation/nnunet_LGE_to_bSSFP/snapshots/best_ep700_net_Seg.pth,05:06.970] name:best_ep700_net_Seg,0.9935946782430013,0.002356059763856138,0.8219390326076084,0.03328480486901206,0.907535703976949,0.042366026840652826,0.8894167370266385,0.04726383016640679,0.8729638245370653,0.8729637861251831
bSSFP->LGE,bSSFP,LGE,swinunet,100_net_Seg.pth,/root/TTA/DCON/results_backbone_ablation/swinunet_bSSFP_to_LGE/snapshots/100_net_Seg.pth,05:37.859] name:100_net_Seg,0.9921247005462647,0.0026092055739678,0.7581138067775303,0.06827580327598544,0.8878055532773336,0.05178874778333753,0.8104464034239451,0.09550033429237886,0.8187885878262696,0.8187885284423828
bSSFP->LGE,bSSFP,LGE,swinunet,200_net_Seg.pth,/root/TTA/DCON/results_backbone_ablation/swinunet_bSSFP_to_LGE/snapshots/200_net_Seg.pth,06:13.931] name:200_net_Seg,0.9929625233014424,0.002175226128320608,0.7773959332042271,0.06790900540820896,0.8958426157633463,0.0495781942800272,0.8455722133318583,0.05857228444152317,0.8396035874331439,0.8396035432815552
bSSFP->LGE,bSSFP,LGE,swinunet,300_net_Seg.pth,/root/TTA/DCON/results_backbone_ablation/swinunet_bSSFP_to_LGE/snapshots/300_net_Seg.pth,06:48.769] name:300_net_Seg,0.9921402944458856,0.0035170466316239196,0.7590920620494419,0.07549083260788547,0.8913436161147223,0.04904055148626273,0.831005863348643,0.08053333831022695,0.827147180504269,0.8271471858024597
bSSFP->LGE,bSSFP,LGE,swinunet,400_net_Seg.pth,/root/TTA/DCON/results_backbone_ablation/swinunet_bSSFP_to_LGE/snapshots/400_net_Seg.pth,07:25.474] name:400_net_Seg,0.9922718445460001,0.0034038355984887182,0.7547878477308485,0.07586951172805499,0.890207130379147,0.054011557630616616,0.8392130917972989,0.08489099929630715,0.8280693566357648,0.8280693888664246
bSSFP->LGE,bSSFP,LGE,swinunet,500_net_Seg.pth,/root/TTA/DCON/results_backbone_ablation/swinunet_bSSFP_to_LGE/snapshots/500_net_Seg.pth,08:00.836] name:500_net_Seg,0.991789804564582,0.003917337180211917,0.7526835620403289,0.07738177502209052,0.8894799643092686,0.05445818438485698,0.8059544887807634,0.11427054351031787,0.816039338376787,0.8160393834114075
bSSFP->LGE,bSSFP,LGE,swinunet,best_ep100_net_Seg.pth,/root/TTA/DCON/results_backbone_ablation/swinunet_bSSFP_to_LGE/snapshots/best_ep100_net_Seg.pth,08:35.926] name:best_ep100_net_Seg,0.9921247005462647,0.0026092055739678,0.7581138067775303,0.06827580327598544,0.8878055532773336,0.05178874778333753,0.8104464034239451,0.09550033429237886,0.8187885878262696,0.8187885284423828
bSSFP->LGE,bSSFP,LGE,swinunet,best_ep300_net_Seg.pth,/root/TTA/DCON/results_backbone_ablation/swinunet_bSSFP_to_LGE/snapshots/best_ep300_net_Seg.pth,09:11.527] name:best_ep300_net_Seg,0.9921402944458856,0.0035170466316239196,0.7590920620494419,0.07549083260788547,0.8913436161147223,0.04904055148626273,0.831005863348643,0.08053333831022695,0.827147180504269,0.8271471858024597
bSSFP->LGE,bSSFP,LGE,swinunet,best_ep400_net_Seg.pth,/root/TTA/DCON/results_backbone_ablation/swinunet_bSSFP_to_LGE/snapshots/best_ep400_net_Seg.pth,09:47.509] name:best_ep400_net_Seg,0.9922718445460001,0.0034038355984887182,0.7547878477308485,0.07586951172805499,0.890207130379147,0.054011557630616616,0.8392130917972989,0.08489099929630715,0.8280693566357648,0.8280693888664246
bSSFP->LGE,bSSFP,LGE,swinunet,best_ep500_net_Seg.pth,/root/TTA/DCON/results_backbone_ablation/swinunet_bSSFP_to_LGE/snapshots/best_ep500_net_Seg.pth,10:16.025] name:best_ep500_net_Seg,0.991789804564582,0.003917337180211917,0.7526835620403289,0.07738177502209052,0.8894799643092686,0.05445818438485698,0.8059544887807634,0.11427054351031787,0.816039338376787,0.8160393834114075
LGE->bSSFP,LGE,bSSFP,swinunet,100_net_Seg.pth,/root/TTA/DCON/results_backbone_ablation/swinunet_LGE_to_bSSFP/snapshots/100_net_Seg.pth,10:45.279] name:100_net_Seg,0.9874164276652866,0.004616255638158105,0.7174858609835307,0.05359730811908272,0.8725611077414619,0.05764349934364028,0.8052762018309699,0.08266960608498358,0.7984410568519875,0.7984410524368286
LGE->bSSFP,LGE,bSSFP,swinunet,200_net_Seg.pth,/root/TTA/DCON/results_backbone_ablation/swinunet_LGE_to_bSSFP/snapshots/200_net_Seg.pth,11:17.173] name:200_net_Seg,0.9892687042554219,0.004868419414035886,0.7637014587720236,0.04991376550381793,0.8772367901272244,0.060395573840547195,0.8213951336012946,0.08232588876280308,0.8207777941668475,0.8207778334617615
LGE->bSSFP,LGE,bSSFP,swinunet,300_net_Seg.pth,/root/TTA/DCON/results_backbone_ablation/swinunet_LGE_to_bSSFP/snapshots/300_net_Seg.pth,11:48.529] name:300_net_Seg,0.9922877603107029,0.0026352110344105297,0.7958829270468818,0.03529766942650416,0.9147584067450629,0.024701448449714454,0.8598873641755845,0.058964591648525515,0.8568428993225098,0.8568428754806519
LGE->bSSFP,LGE,bSSFP,swinunet,400_net_Seg.pth,/root/TTA/DCON/results_backbone_ablation/swinunet_LGE_to_bSSFP/snapshots/400_net_Seg.pth,12:21.739] name:400_net_Seg,0.9916161855061849,0.0029758877846677192,0.7864447381761339,0.045259803815256225,0.9066880888409085,0.032975290804344214,0.8522816896438599,0.061560099348646403,0.848471505553634,0.8484715223312378
LGE->bSSFP,LGE,bSSFP,swinunet,500_net_Seg.pth,/root/TTA/DCON/results_backbone_ablation/swinunet_LGE_to_bSSFP/snapshots/500_net_Seg.pth,12:54.334] name:500_net_Seg,0.9918115112516616,0.0027442774894046473,0.7850780606269836,0.04187863679625001,0.9007929603258769,0.02785406898940496,0.8476152976353963,0.06292373831132769,0.844495439529419,0.8444954752922058
LGE->bSSFP,LGE,bSSFP,swinunet,600_net_Seg.pth,/root/TTA/DCON/results_backbone_ablation/swinunet_LGE_to_bSSFP/snapshots/600_net_Seg.pth,13:26.914] name:600_net_Seg,0.992605279551612,0.002337767819760578,0.7932865381240845,0.04128520825323067,0.9125956071747674,0.02670933367427514,0.8709504167238872,0.045392442657121335,0.858944187340913,0.8589441776275635
LGE->bSSFP,LGE,bSSFP,swinunet,700_net_Seg.pth,/root/TTA/DCON/results_backbone_ablation/swinunet_LGE_to_bSSFP/snapshots/700_net_Seg.pth,13:59.436] name:700_net_Seg,0.992655180560218,0.0023786338052709057,0.8008297112252977,0.040785814745025455,0.9122675233417087,0.025225378067213367,0.8631934695773654,0.052271414344150315,0.8587635680481239,0.8587636351585388
LGE->bSSFP,LGE,bSSFP,swinunet,800_net_Seg.pth,/root/TTA/DCON/results_backbone_ablation/swinunet_LGE_to_bSSFP/snapshots/800_net_Seg.pth,14:30.577] name:800_net_Seg,0.9925790773497687,0.002270237259867338,0.7971039175987243,0.04119016843986859,0.9114243944485982,0.02742821112098614,0.8682326343324449,0.04867336408024587,0.8589203154599225,0.8589202761650085
LGE->bSSFP,LGE,bSSFP,swinunet,900_net_Seg.pth,/root/TTA/DCON/results_backbone_ablation/swinunet_LGE_to_bSSFP/snapshots/900_net_Seg.pth,15:06.173] name:900_net_Seg,0.9931520210372077,0.002062910792581208,0.806734475824568,0.03792478221682555,0.916197865539127,0.023732876172182414,0.8740234865082634,0.0431534890075259,0.8656519426239861,0.8656519055366516
LGE->bSSFP,LGE,bSSFP,swinunet,best_ep100_net_Seg.pth,/root/TTA/DCON/results_backbone_ablation/swinunet_LGE_to_bSSFP/snapshots/best_ep100_net_Seg.pth,15:39.273] name:best_ep100_net_Seg,0.9874164276652866,0.004616255638158105,0.7174858609835307,0.05359730811908272,0.8725611077414619,0.05764349934364028,0.8052762018309699,0.08266960608498358,0.7984410568519875,0.7984410524368286
LGE->bSSFP,LGE,bSSFP,swinunet,best_ep200_net_Seg.pth,/root/TTA/DCON/results_backbone_ablation/swinunet_LGE_to_bSSFP/snapshots/best_ep200_net_Seg.pth,16:11.398] name:best_ep200_net_Seg,0.9892687042554219,0.004868419414035886,0.7637014587720236,0.04991376550381793,0.8772367901272244,0.060395573840547195,0.8213951336012946,0.08232588876280308,0.8207777941668475,0.8207778334617615
LGE->bSSFP,LGE,bSSFP,swinunet,best_ep400_net_Seg.pth,/root/TTA/DCON/results_backbone_ablation/swinunet_LGE_to_bSSFP/snapshots/best_ep400_net_Seg.pth,16:44.619] name:best_ep400_net_Seg,0.9916161855061849,0.0029758877846677192,0.7864447381761339,0.045259803815256225,0.9066880888409085,0.032975290804344214,0.8522816896438599,0.061560099348646403,0.848471505553634,0.8484715223312378
LGE->bSSFP,LGE,bSSFP,swinunet,best_ep500_net_Seg.pth,/root/TTA/DCON/results_backbone_ablation/swinunet_LGE_to_bSSFP/snapshots/best_ep500_net_Seg.pth,17:16.319] name:best_ep500_net_Seg,0.9918115112516616,0.0027442774894046473,0.7850780606269836,0.04187863679625001,0.9007929603258769,0.02785406898940496,0.8476152976353963,0.06292373831132769,0.844495439529419,0.8444954752922058
LGE->bSSFP,LGE,bSSFP,swinunet,best_ep700_net_Seg.pth,/root/TTA/DCON/results_backbone_ablation/swinunet_LGE_to_bSSFP/snapshots/best_ep700_net_Seg.pth,17:47.547] name:best_ep700_net_Seg,0.992655180560218,0.0023786338052709057,0.8008297112252977,0.040785814745025455,0.9122675233417087,0.025225378067213367,0.8631934695773654,0.052271414344150315,0.8587635680481239,0.8587636351585388
